code,cname,ename
000001,平安银行,payx 
000002,万科A,wkA 
000004,国农科技,gnkj 
000005,世纪星源,sjxy 
000006,深振业A,szyA 
000007,零七股份,lqgf 
000008,神州高铁,szgt 
000009,中国宝安,zgba 
000010,深华新,shx 
000011,深物业A,swyA 
000012,南玻A,nbA 
000014,沙河股份,shgf 
000016,深康佳A,skjA 
000017,深中华A,szhA 
000018,神州长城,szcc 
000019,深深宝A,ssbA 
000020,深华发A,shfA 
000021,深科技,skj 
000022,深赤湾A,scwA 
000023,深天地A,stdA 
000025,特力A,tlA 
000026,飞亚达A,fydA 
000027,深圳能源,szny 
000028,国药一致,gyyz 
000029,深深房A,ssfA 
000030,富奥股份,fagf 
000031,中粮地产,zldc 
000032,深桑达A,ssdA 
000034,深信泰丰,sxtf 
000035,中国天楹,zgty 
000036,华联控股,hlkg 
000037,深南电A,sndA 
000038,深大通,sdt 
000039,中集集团,zjjt 
000040,宝安地产,badc 
000042,中洲控股,zzkg 
000043,中航地产,zhdc 
000045,深纺织A,sfzA 
000046,泛海控股,fhkg 
000048,康达尔,kde 
000049,德赛电池,dsdc 
000050,深天马A,stmA 
000055,方大集团,fdjt 
000056,皇庭国际,htgj 
000058,深 赛 格,s s g 
000059,*ST华锦,*SThj 
000060,中金岭南,zjln 
000061,农 产 品,n c p 
000062,深圳华强,szhq 
000063,中兴通讯,zxtx 
000065,北方国际,bfgj 
000066,长城电脑,zcdn 
000068,*ST华赛,*SThs 
000069,华侨城A,hqcA 
000070,特发信息,tfxx 
000078,海王生物,hwsw 
000088,盐 田 港,y t g 
000089,深圳机场,szjc 
000090,天健集团,tjjt 
000096,广聚能源,gjny 
000099,中信海直,zxhz 
000100,TCL 集团,TCL jt 
000150,宜华健康,yhjk 
000151,中成股份,zcgf 
000153,丰原药业,fyyy 
000155,*ST川化,*STch 
000156,华数传媒,hscm 
000157,中联重科,zlzk 
000158,常山股份,csgf 
000159,国际实业,gjsy 
000166,申万宏源,swhy 
000301,东方市场,dfsc 
000333,美的集团,mdjt 
000338,潍柴动力,wcdl 
000400,许继电气,xjdq 
000401,冀东水泥,jdsn 
000402,金 融 街,j r j 
000403,ST生化,STsh 
000404,华意压缩,hyys 
000407,胜利股份,slgf 
000408,金谷源,jgy 
000409,山东地矿,sddk 
000410,沈阳机床,cyjc 
000411,英特集团,ytjt 
000413,东旭光电,dxgd 
000415,渤海租赁,bhzl 
000416,民生控股,mskg 
000417,合肥百货,hfbh 
000418,小天鹅A,xteA 
000419,通程控股,tckg 
000420,吉林化纤,jlhx 
000421,南京中北,njzb 
000422,湖北宜化,hbyh 
000423,东阿阿胶,deej 
000425,徐工机械,xgjx 
000426,兴业矿业,xyky 
000428,华天酒店,htjd 
000429,粤高速A,ygsA 
000430,张家界,zjj 
000488,晨鸣纸业,cmzy 
000498,山东路桥,sdlq 
000501,鄂武商A,ewsA 
000502,绿景控股,ljkg 
000503,海虹控股,hhkg 
000504,南华生物,nhsw 
000505,珠江控股,zjkg 
000506,中润资源,zrzy 
000507,珠海港,zhg 
000509,华塑控股,hskg 
000510,*ST金路,*STjl 
000511,烯碳新材,xtxc 
000513,丽珠集团,lzjt 
000514,渝 开 发,y k f 
000516,国际医学,gjyx 
000517,荣安地产,radc 
000518,四环生物,shsw 
000519,江南红箭,jnhj 
000520,长航凤凰,zhfh 
000521,美菱电器,mldq 
000523,广州浪奇,gzlq 
000524,岭南控股,lnkg 
000525,红 太 阳,h t y 
000526,银润投资,yrtz 
000528,柳工,lg 
000529,广弘控股,ghkg 
000530,大冷股份,dlgf 
000531,穗恒运A,shyA 
000532,力合股份,lhgf 
000533,万 家 乐,w j l 
000534,万泽股份,wzgf 
000536,华映科技,hykj 
000537,广宇发展,gyfz 
000538,云南白药,ynby 
000539,粤电力A,ydlA 
000540,中天城投,ztct 
000541,佛山照明,fszm 
000543,皖能电力,wndl 
000544,中原环保,zyhb 
000545,金浦钛业,jpty 
000546,金圆股份,jygf 
000547,航天发展,htfz 
000548,湖南投资,hntz 
000550,江铃汽车,jlqc 
000551,创元科技,cykj 
000552,靖远煤电,jymd 
000553,沙隆达A,sldA 
000554,泰山石油,tssy 
000555,神州信息,szxx 
000557,*ST广夏,*STgx 
000558,莱茵体育,lyty 
000559,万向钱潮,wxqc 
000560,昆百大A,kbdA 
000561,烽火电子,fhdz 
000563,陕国投A,sgtA 
000564,西安民生,xams 
000565,渝三峡A,ysxA 
000566,海南海药,hnhy 
000567,海德股份,hdgf 
000568,泸州老窖,lzlj 
000570,苏常柴A,sccA 
000571,新大洲A,xdzA 
000572,海马汽车,hmqc 
000573,粤宏远A,yhyA 
000576,广东甘化,gdgh 
000581,威孚高科,wfgk 
000582,北部湾港,bbwg 
000584,友利控股,ylkg 
000585,东北电气,dbdq 
000586,汇源通信,hytx 
000587,金叶珠宝,jyzb 
000589,黔轮胎A,qltA 
000590,*ST古汉,*STgh 
000591,桐 君 阁,t j g 
000592,平潭发展,ptfz 
000593,大通燃气,dtrq 
000595,宝塔实业,btsy 
000596,古井贡酒,gjgj 
000597,东北制药,dbzy 
000598,兴蓉环境,xrhj 
000599,青岛双星,qdsx 
000600,建投能源,jtny 
000601,韶能股份,sngf 
000603,盛达矿业,sdky 
000605,渤海股份,bhgf 
000606,青海明胶,qhmj 
000607,华媒控股,hmkg 
000608,阳光股份,yggf 
000609,绵世股份,msgf 
000610,西安旅游,xaly 
000611,*ST蒙发,*STmf 
000612,焦作万方,jzwf 
000613,大东海A,ddhA 
000615,湖北金环,hbjh 
000616,海航投资,hhtz 
000617,石油济柴,syjc 
000619,海螺型材,hlxc 
000620,新华联,xhl 
000622,恒立实业,hlsy 
000623,吉林敖东,jlad 
000625,长安汽车,zaqc 
000626,如意集团,ryjt 
000627,天茂集团,tmjt 
000628,高新发展,gxfz 
000629,攀钢钒钛,pgft 
000630,铜陵有色,tlys 
000631,顺发恒业,sfhy 
000632,三木集团,smjt 
000633,合金投资,hjtz 
000635,英 力 特,y l t 
000636,风华高科,fhgk 
000637,茂化实华,mhsh 
000638,万方发展,wffz 
000639,西王食品,xwsp 
000650,仁和药业,rhyy 
000651,格力电器,gldq 
000652,泰达股份,tdgf 
000655,金岭矿业,jlky 
000656,金科股份,jkgf 
000657,中钨高新,zwgx 
000659,*ST中富,*STzf 
000661,长春高新,ccgx 
000662,索芙特,sft 
000663,永安林业,yaly 
000665,湖北广电,hbgd 
000666,经纬纺机,jwfj 
000667,美好集团,mhjt 
000668,荣丰控股,rfkg 
000669,金鸿能源,jhny 
000670,盈方微,yfw 
000671,阳 光 城,y g c 
000672,上峰水泥,sfsn 
000673,当代东方,dddf 
000676,智度投资,zdtz 
000677,*ST篈?化纤,*STf?hx 
000678,襄阳轴承,xyzc 
000679,大连友谊,dlyy 
000680,山推股份,stgf 
000681,视觉中国,sjzg 
000682,东方电子,dfdz 
000683,远兴能源,yxny 
000685,中山公用,zsgy 
000686,东北证券,dbzq 
000687,华讯方舟,hxfz 
000688,建新矿业,jxky 
000690,宝新能源,bxny 
000691,亚太实业,ytsy 
000692,惠天热电,htrd 
000693,华泽钴镍,hzgn 
000695,滨海能源,bhny 
000697,炼石有色,lsys 
000698,沈阳化工,cyhg 
000700,模塑科技,mskj 
000701,厦门信达,smxd 
000702,正虹科技,zhkj 
000703,恒逸石化,hysh 
000705,浙江震元,zjzy 
000707,双环科技,shkj 
000708,大冶特钢,dytg 
000709,河钢股份,hggf 
000710,天兴仪表,txyb 
000711,*ST京蓝,*STjl 
000712,锦龙股份,jlgf 
000713,丰乐种业,flzy 
000715,中兴商业,zxsy 
000716,黑芝麻,hzm 
000717,韶钢松山,sgss 
000718,苏宁环球,snhq 
000719,大地传媒,ddcm 
000720,新能泰山,xnts 
000721,西安饮食,xays 
000722,湖南发展,hnfz 
000723,美锦能源,mjny 
000725,京东方A,jdfA 
000726,鲁泰A,ltA 
000727,华东科技,hdkj 
000728,国元证券,gyzq 
000729,燕京啤酒,yjpj 
000731,四川美丰,scmf 
000732,泰禾集团,thjt 
000733,振华科技,zhkj 
000735,罗 牛 山,l n s 
000736,中房地产,zfdc 
000737,南风化工,nfhg 
000738,中航动控,zhdk 
000739,普洛药业,plyy 
000748,长城信息,ccxx 
000750,国海证券,ghzq 
000751,锌业股份,xygf 
000752,西藏发展,xzfz 
000753,漳州发展,zzfz 
000755,山西三维,sxsw 
000756,新华制药,xhzy 
000757,浩物股份,hwgf 
000758,中色股份,zsgf 
000759,中百集团,zbjt 
000760,斯太尔,ste 
000761,本钢板材,bgbc 
000762,西藏矿业,xzky 
000766,通化金马,thjm 
000767,漳泽电力,zzdl 
000768,中航飞机,zhfj 
000776,广发证券,gfzq 
000777,中核科技,zhkj 
000778,新兴铸管,xxzg 
000779,三毛派神,smps 
000780,平庄能源,pzny 
000782,美达股份,mdgf 
000783,长江证券,cjzq 
000785,武汉中商,whzs 
000786,北新建材,bxjc 
000788,北大医药,bdyy 
000789,万年青,wnq 
000790,华神集团,hsjt 
000791,甘肃电投,gsdt 
000792,盐湖股份,yhgf 
000793,华闻传媒,hwcm 
000795,太原刚玉,tygy 
000796,凯撒旅游,ksly 
000797,中国武夷,zgwy 
000798,中水渔业,zsyy 
000799,*ST酒鬼,*STjg 
000800,一汽轿车,yqjc 
000801,四川九洲,scjz 
000802,北京文化,bjwh 
000803,金宇车城,jycc 
000806,银河生物,yhsw 
000807,云铝股份,ylgf 
000809,铁岭新城,tlxc 
000810,创维数字,cwsz 
000811,烟台冰轮,ytbl 
000812,陕西金叶,sxjy 
000813,天山纺织,tsfz 
000815,*ST美利,*STml 
000816,智慧农业,zhny 
000818,方大化工,fdhg 
000819,岳阳兴长,yyxz 
000820,金城股份,jcgf 
000821,京山轻机,jsqj 
000822,山东海化,sdhh 
000823,超声电子,csdz 
000825,太钢不锈,tgbx 
000826,启迪桑德,qdsd 
000828,东莞控股,dgkg 
000829,天音控股,tykg 
000830,鲁西化工,lxhg 
000831,五矿稀土,wkxt 
000833,贵糖股份,gtgf 
000835,长城动漫,ccdm 
000836,鑫茂科技,xmkj 
000837,秦川机床,qcjc 
000838,财信发展,cxfz 
000839,中信国安,zxga 
000848,承德露露,cdll 
000850,华茂股份,hmgf 
000851,高鸿股份,ghgf 
000852,石化机械,shjx 
000856,冀东装备,jdzb 
000858,五 粮 液,w l y 
000859,国风塑业,gfsy 
000860,顺鑫农业,sxny 
000861,海印股份,hygf 
000862,银星能源,yxny 
000863,三湘股份,sxgf 
000868,安凯客车,akkc 
000869,张裕A,zyA 
000875,吉电股份,jdgf 
000876,新 希 望,x x w 
000877,天山股份,tsgf 
000878,云南铜业,ynty 
000880,潍柴重机,wczj 
000881,大连国际,dlgj 
000882,华联股份,hlgf 
000883,湖北能源,hbny 
000885,同力水泥,tlsn 
000886,海南高速,hngs 
000887,中鼎股份,zdgf 
000888,峨眉山A,emsA 
000889,茂业通信,mytx 
000890,法 尔 胜,f e s 
000892,*ST星美,*STxm 
000893,东凌粮油,dlly 
000895,双汇发展,shfz 
000897,津滨发展,jbfz 
000898,鞍钢股份,aggf 
000899,赣能股份,gngf 
000900,现代投资,xdtz 
000901,航天科技,htkj 
000902,新洋丰,xyf 
000903,云内动力,yndl 
000905,厦门港务,smgw 
000906,物产中拓,wczt 
000908,景峰医药,jfyy 
000909,数源科技,sykj 
000910,大亚科技,dykj 
000911,南宁糖业,nnty 
000912,*ST天化,*STth 
000913,钱江摩托,qjmt 
000915,山大华特,sdht 
000916,华北高速,hbgs 
000917,电广传媒,dgcm 
000918,嘉凯城,jkc 
000919,金陵药业,jlyy 
000920,南方汇通,nfht 
000921,海信科龙,hxkl 
000922,佳电股份,jdgf 
000923,河北宣工,hbxg 
000925,众合科技,zhkj 
000926,福星股份,fxgf 
000927,*ST夏利,*STxl 
000928,中钢国际,zggj 
000929,兰州黄河,lzhh 
000930,中粮生化,zlsh 
000931,中 关 村,z g c 
000932,华菱钢铁,hlgt 
000933,神火股份,shgf 
000935,四川双马,scsm 
000936,华西股份,hxgf 
000937,冀中能源,jzny 
000938,紫光股份,zggf 
000939,凯迪生态,kdst 
000948,南天信息,ntxx 
000949,新乡化纤,xxhx 
000950,建峰化工,jfhg 
000951,中国重汽,zgzq 
000952,广济药业,gjyy 
000953,河池化工,hchg 
000955,欣龙控股,xlkg 
000957,中通客车,ztkc 
000958,东方能源,dfny 
000959,首钢股份,sggf 
000960,锡业股份,xygf 
000961,中南建设,znjs 
000962,东方钽业,dfty 
000963,华东医药,hdyy 
000965,天保基建,tbjj 
000966,长源电力,zydl 
000967,上风高科,sfgk 
000968,煤 气 化,m q h 
000969,安泰科技,atkj 
000970,中科三环,zksh 
000971,高升控股,gskg 
000972,新中基,xzj 
000973,佛塑科技,fskj 
000975,银泰资源,ytzy 
000976,*ST春晖,*STch 
000977,浪潮信息,lcxx 
000978,桂林旅游,glly 
000979,中弘股份,zhgf 
000980,金马股份,jmgf 
000981,银亿股份,yygf 
000982,中银绒业,zyry 
000983,西山煤电,xsmd 
000985,大庆华科,dqhk 
000987,广州友谊,gzyy 
000988,华工科技,hgkj 
000989,九 芝 堂,j z t 
000990,诚志股份,czgf 
000993,闽东电力,mddl 
000995,*ST皇台,*STht 
000996,中国中期,zgzq 
000997,新 大 陆,x d l 
000998,隆平高科,lpgk 
000999,华润三九,hrsj 
001696,宗申动力,zsdl 
001896,豫能控股,ynkg 
001979,招商蛇口,zssk 
002001,新 和 成,x h c 
002002,鸿达兴业,hdxy 
002003,伟星股份,wxgf 
002004,华邦健康,hbjk 
002005,德豪润达,dhrd 
002006,精功科技,jgkj 
002007,华兰生物,hlsw 
002008,大族激光,dzjg 
002009,天奇股份,tqgf 
002010,传化股份,chgf 
002011,盾安环境,dahj 
002012,凯恩股份,kegf 
002013,中航机电,zhjd 
002014,永新股份,yxgf 
002015,*ST霞客,*STxk 
002016,世荣兆业,srzy 
002017,东信和平,dxhp 
002018,华信国际,hxgj 
002019,亿帆鑫富,yfxf 
002020,京新药业,jxyy 
002021,中捷资源,zjzy 
002022,科华生物,khsw 
002023,海特高新,htgx 
002024,苏宁云商,snys 
002025,航天电器,htdq 
002026,山东威达,sdwd 
002027,七喜控股,qxkg 
002028,思源电气,sydq 
002029,七 匹 狼,q p l 
002030,达安基因,dajy 
002031,巨轮智能,jlzn 
002032,苏 泊 尔,s p e 
002033,丽江旅游,ljly 
002034,美 欣 达,m x d 
002035,华帝股份,hdgf 
002036,汉麻产业,hmcy 
002037,久联发展,jlfz 
002038,双鹭药业,slyy 
002039,黔源电力,qydl 
002040,南 京 港,n j g 
002041,登海种业,dhzy 
002042,华孚色纺,hfsf 
002043,兔 宝 宝,t b b 
002044,美年健康,mnjk 
002045,国光电器,ggdq 
002046,轴研科技,zykj 
002047,宝鹰股份,bygf 
002048,宁波华翔,nbhx 
002049,同方国芯,tfgx 
002050,三花股份,shgf 
002051,中工国际,zggj 
002052,同洲电子,tzdz 
002053,云南盐化,ynyh 
002054,德美化工,dmhg 
002055,得润电子,drdz 
002056,横店东磁,hddc 
002057,中钢天源,zgty 
002058,威 尔 泰,w e t 
002059,云南旅游,ynly 
002060,粤 水 电,y s d 
002061,江山化工,jshg 
002062,宏润建设,hrjs 
002063,远光软件,ygrj 
002064,华峰氨纶,hfal 
002065,东华软件,dhrj 
002066,瑞泰科技,rtkj 
002067,景兴纸业,jxzy 
002068,黑猫股份,hmgf 
002069,獐 子 岛,z z d 
002070,众和股份,zhgf 
002071,长城影视,ccys 
002072,凯瑞德,krd 
002073,软控股份,rkgf 
002074,国轩高科,gxgk 
002075,沙钢股份,sggf 
002076,雪 莱 特,x l t 
002077,大港股份,dggf 
002078,太阳纸业,tyzy 
002079,苏州固锝,szgd 
002080,中材科技,zckj 
002081,金 螳 螂,j t l 
002082,栋梁新材,dlxc 
002083,孚日股份,frgf 
002084,海鸥卫浴,howy 
002085,万丰奥威,wfaw 
002086,东方海洋,dfhy 
002087,新野纺织,xyfz 
002088,鲁阳节能,lyjn 
002089,新 海 宜,x h y 
002090,金智科技,jzkj 
002091,江苏国泰,jsgt 
002092,中泰化学,zthx 
002093,国脉科技,gmkj 
002094,青岛金王,qdjw 
002095,生 意 宝,s y b 
002096,南岭民爆,nlmb 
002097,山河智能,shzn 
002098,浔兴股份,xxgf 
002099,海翔药业,hxyy 
002100,天康生物,tksw 
002101,广东鸿图,gdht 
002102,冠福股份,gfgf 
002103,广博股份,gbgf 
002104,恒宝股份,hbgf 
002105,信隆实业,xlsy 
002106,莱宝高科,lbgk 
002107,沃华医药,whyy 
002108,沧州明珠,czmz 
002109,兴化股份,xhgf 
002110,三钢闽光,sgmg 
002111,威海广泰,whgt 
002112,三变科技,sbkj 
002113,天润控股,trkg 
002114,罗平锌电,lpxd 
002115,三维通信,swtx 
002116,中国海诚,zghc 
002117,东港股份,dggf 
002118,紫鑫药业,zxyy 
002119,康强电子,kqdz 
002120,新海股份,xhgf 
002121,科陆电子,kldz 
002122,天马股份,tmgf 
002123,荣信股份,rxgf 
002124,天邦股份,tbgf 
002125,湘潭电化,xtdh 
002126,银轮股份,ylgf 
002127,新民科技,xmkj 
002128,露天煤业,ltmy 
002129,中环股份,zhgf 
002130,沃尔核材,wehc 
002131,利欧股份,logf 
002132,恒星科技,hxkj 
002133,广宇集团,gyjt 
002134,天津普林,tjpl 
002135,东南网架,dnwj 
002136,安 纳 达,a n d 
002137,麦达数字,mdsz 
002138,顺络电子,sldz 
002139,拓邦股份,tbgf 
002140,东华科技,dhkj 
002141,蓉胜超微,rscw 
002142,宁波银行,nbyx 
002143,印纪传媒,yjcm 
002144,宏达高科,hdgk 
002145,中核钛白,zhtb 
002146,荣盛发展,rsfz 
002147,方圆支承,fyzc 
002148,北纬通信,bwtx 
002149,西部材料,xbcl 
002150,通润装备,trzb 
002151,北斗星通,bdxt 
002152,广电运通,gdyt 
002153,石基信息,sjxx 
002154,报 喜 鸟,b x n 
002155,湖南黄金,hnhj 
002156,通富微电,tfwd 
002157,正邦科技,zbkj 
002158,汉钟精机,hzjj 
002159,三特索道,stsd 
002160,常铝股份,clgf 
002161,远 望 谷,y w g 
002162,悦心健康,yxjk 
002163,中航三鑫,zhsx 
002164,宁波东力,nbdl 
002165,红 宝 丽,h b l 
002166,莱茵生物,lysw 
002167,东方锆业,dfgy 
002168,深圳惠程,szhc 
002169,智光电气,zgdq 
002170,芭田股份,btgf 
002171,楚江新材,cjxc 
002172,澳洋科技,aykj 
002173,千足珍珠,qzzz 
002174,游族网络,yzwl 
002175,东方网络,dfwl 
002176,江特电机,jtdj 
002177,御银股份,yygf 
002178,延华智能,yhzn 
002179,中航光电,zhgd 
002180,艾派克,apk 
002181,粤 传 媒,y c m 
002182,云海金属,yhjs 
002183,怡 亚 通,y y t 
002184,海得控制,hdkz 
002185,华天科技,htkj 
002186,全 聚 德,q j d 
002187,广百股份,gbgf 
002188,巴士在线,bszx 
002189,利达光电,ldgd 
002190,成飞集成,cfjc 
002191,劲嘉股份,jjgf 
002192,*ST融捷,*STrj 
002193,山东如意,sdry 
002194,武汉凡谷,whfg 
002195,二三四五,essw 
002196,方正电机,fzdj 
002197,证通电子,ztdz 
002198,嘉应制药,jyzy 
002199,东晶电子,djdz 
002200,云投生态,ytst 
002201,九鼎新材,jdxc 
002202,金风科技,jfkj 
002203,篈凉煞?铜,fls?t 
002204,大连重工,dlzg 
002205,国统股份,gtgf 
002206,海 利 得,h l d 
002207,准油股份,zygf 
002208,合肥城建,hfcj 
002209,达 意 隆,d y l 
002210,飞马国际,fmgj 
002211,宏达新材,hdxc 
002212,南洋股份,nygf 
002213,特 尔 佳,t e j 
002214,大立科技,dlkj 
002215,诺 普 信,n p x 
002216,三全食品,sqsp 
002217,合力泰,hlt 
002218,拓日新能,trxn 
002219,恒康医疗,hkyl 
002220,天宝股份,tbgf 
002221,东华能源,dhny 
002222,福晶科技,fjkj 
002223,鱼跃医疗,yyyl 
002224,三 力 士,s l s 
002225,濮耐股份,pngf 
002226,江南化工,jnhg 
002227,奥 特 迅,a t x 
002228,合兴包装,hxbz 
002229,鸿博股份,hbgf 
002230,科大讯飞,kdxf 
002231,奥维通信,awtx 
002232,启明信息,qmxx 
002233,塔牌集团,tpjt 
002234,民和股份,mhgf 
002235,安妮股份,angf 
002236,大华股份,dhgf 
002237,恒邦股份,hbgf 
002238,天威视讯,twsx 
002239,奥特佳,atj 
002240,威华股份,whgf 
002241,歌尔声学,gesx 
002242,九阳股份,jygf 
002243,通产丽星,tclx 
002244,滨江集团,bjjt 
002245,澳洋顺昌,aysc 
002246,北化股份,bhgf 
002247,帝龙新材,dlxc 
002248,华东数控,hdsk 
002249,大洋电机,dydj 
002250,联化科技,lhkj 
002251,步 步 高,b b g 
002252,上海莱士,shls 
002253,川大智胜,cdzs 
002254,泰和新材,thxc 
002255,海陆重工,hlzg 
002256,彩虹精化,chjh 
002258,利尔化学,lehx 
002259,升达林业,sdly 
002260,德奥通航,dath 
002261,拓维信息,twxx 
002262,恩华药业,ehyy 
002263,大 东 南,d d n 
002264,新 华 都,x h d 
002265,西仪股份,xygf 
002266,浙富控股,zfkg 
002267,陕天然气,strq 
002268,卫 士 通,w s t 
002269,美邦服饰,mbfs 
002270,法因数控,fysk 
002271,东方雨虹,dfyh 
002272,川润股份,crgf 
002273,水晶光电,sjgd 
002274,华昌化工,hchg 
002275,桂林三金,glsj 
002276,万马股份,wmgf 
002277,友阿股份,yagf 
002278,神开股份,skgf 
002279,久其软件,jqrj 
002280,联络互动,llhd 
002281,光迅科技,gxkj 
002282,博深工具,bsgj 
002283,天润曲轴,trqz 
002284,亚太股份,ytgf 
002285,世联行,slx 
002286,盇浔?食品,hx?sp 
002287,奇正藏药,qzcy 
002288,超华科技,chkj 
002289,宇顺电子,ysdz 
002290,禾盛新材,hsxc 
002291,星期六,xql 
002292,奥飞动漫,afdm 
002293,罗莱生活,llsh 
002294,信立泰,xlt 
002295,精艺股份,jygf 
002296,辉煌科技,hhkj 
002297,博云新材,byxc 
002298,中电鑫龙,zdxl 
002299,圣农发展,snfz 
002300,太阳电缆,tydl 
002301,齐心集团,qxjt 
002302,西部建设,xbjs 
002303,美盈森,mys 
002304,洋河股份,yhgf 
002305,南国置业,ngzy 
002306,*ST云网,*STyw 
002307,北新路桥,bxlq 
002308,威创股份,wcgf 
002309,中利科技,zlkj 
002310,东方园林,dfyl 
002311,海大集团,hdjt 
002312,三泰控股,stkg 
002313,日海通讯,rhtx 
002314,南山控股,nskg 
002315,焦点科技,jdkj 
002316,键桥通讯,jqtx 
002317,众生药业,zsyy 
002318,久立特材,jltc 
002319,乐通股份,ltgf 
002320,海峡股份,hxgf 
002321,华英农业,hyny 
002322,理工监测,lgjc 
002323,雅百特,ybt 
002324,普利特,plt 
002325,洪涛股份,htgf 
002326,永太科技,ytkj 
002327,富安娜,fan 
002328,新朋股份,xpgf 
002329,皇氏集团,hsjt 
002330,得利斯,dls 
002331,皖通科技,wtkj 
002332,仙琚制药,xjzy 
002333,罗普斯金,lpsj 
002334,英威腾,ywt 
002335,科华恒盛,khhs 
002336,人人乐,rrl 
002337,赛象科技,sxkj 
002338,奥普光电,apgd 
002339,积成电子,jcdz 
002340,格林美,glm 
002341,新纶科技,xlkj 
002342,巨力索具,jlsj 
002343,慈文传媒,cwcm 
002344,海宁皮城,hnpc 
002345,潮宏基,chj 
002346,柘中股份,zzgf 
002347,泰尔重工,tezg 
002348,高乐股份,glgf 
002349,精华制药,jhzy 
002350,北京科锐,bjkr 
002351,漫步者,mbz 
002352,鼎泰新材,dtxc 
002353,杰瑞股份,jrgf 
002354,天神娱乐,tsyl 
002355,兴民钢圈,xmgq 
002356,浩宁达,hnd 
002357,富临运业,flyy 
002358,森源电气,sydq 
002359,齐星铁塔,qxtt 
002360,同德化工,tdhg 
002361,神剑股份,sjgf 
002362,汉王科技,hwkj 
002363,隆基机械,ljjx 
002364,中恒电气,zhdq 
002365,永安药业,yayy 
002366,台海核电,thhd 
002367,康力电梯,kldt 
002368,太极股份,tjgf 
002369,卓翼科技,zykj 
002370,亚太药业,ytyy 
002371,七星电子,qxdz 
002372,伟星新材,wxxc 
002373,千方科技,qfkj 
002374,丽鹏股份,lpgf 
002375,亚厦股份,ysgf 
002376,新北洋,xby 
002377,国创高新,gcgx 
002378,章源钨业,zywy 
002379,鲁丰环保,lfhb 
002380,科远股份,kygf 
002381,双箭股份,sjgf 
002382,蓝帆医疗,lfyl 
002383,合众思壮,hzsz 
002384,东山精密,dsjm 
002385,大北农,dbn 
002386,天原集团,tyjt 
002387,黑牛食品,hnsp 
002388,新亚制程,xyzc 
002389,南洋科技,nykj 
002390,信邦制药,xbzy 
002391,长青股份,cqgf 
002392,北京利尔,bjle 
002393,力生制药,lszy 
002394,联发股份,lfgf 
002395,双象股份,sxgf 
002396,星网锐捷,xwrj 
002397,梦洁家纺,mjjf 
002398,建研集团,jyjt 
002399,海普瑞,hpr 
002400,省广股份,sggf 
002401,中海科技,zhkj 
002402,和而泰,het 
002403,爱仕达,asd 
002404,嘉欣丝绸,jxsc 
002405,四维图新,swtx 
002406,远东传动,ydcd 
002407,多氟多,dfd 
002408,齐翔腾达,qxtd 
002409,雅克科技,ykkj 
002410,广联达,gld 
002411,九九久,jjj 
002412,汉森制药,hszy 
002413,雷科防务,lkfw 
002414,高德红外,gdhw 
002415,海康威视,hkws 
002416,爱施德,asd 
002417,*ST元达,*STyd 
002418,康盛股份,ksgf 
002419,天虹商场,thsc 
002420,毅昌股份,ycgf 
002421,达实智能,dszn 
002422,科伦药业,klyy 
002423,中原特钢,zytg 
002424,贵州百灵,gzbl 
002425,凯撒股份,ksgf 
002426,胜利精密,sljm 
002427,尤夫股份,yfgf 
002428,云南锗业,ynzy 
002429,兆驰股份,zcgf 
002430,杭氧股份,hygf 
002431,棕榈园林,zlyl 
002432,九安医疗,jayl 
002433,太安堂,tat 
002434,万里扬,wly 
002435,长江润发,cjrf 
002436,兴森科技,xskj 
002437,誉衡药业,yhyy 
002438,江苏神通,jsst 
002439,启明星辰,qmxc 
002440,闰土股份,rtgf 
002441,众业达,zyd 
002442,龙星化工,lxhg 
002443,金洲管道,jzgd 
002444,巨星科技,jxkj 
002445,中南重工,znzg 
002446,盛路通信,sltx 
002447,壹桥海参,yqhs 
002448,中原内配,zynp 
002449,国星光电,gxgd 
002450,康得新,kdx 
002451,摩恩电气,medq 
002452,长高集团,zgjt 
002453,天马精化,tmjh 
002454,松芝股份,szgf 
002455,百川股份,bcgf 
002456,欧菲光,ofg 
002457,青龙管业,qlgy 
002458,益生股份,ysgf 
002459,天业通联,tytl 
002460,赣锋锂业,gfly 
002461,珠江啤酒,zjpj 
002462,嘉事堂,jst 
002463,沪电股份,hdgf 
002464,金利科技,jlkj 
002465,海格通信,hgtx 
002466,天齐锂业,tqly 
002467,二六三,els 
002468,艾迪西,adx 
002469,三维工程,swgc 
002470,金正大,jzd 
002471,中超控股,zckg 
002472,双环传动,shcd 
002473,圣莱达,sld 
002474,榕基软件,rjrj 
002475,立讯精密,lxjm 
002476,宝莫股份,bmgf 
002477,雏鹰农牧,cynm 
002478,常宝股份,cbgf 
002479,富春环保,fchb 
002480,新筑股份,xzgf 
002481,双塔食品,stsp 
002482,广田股份,gtgf 
002483,润邦股份,rbgf 
002484,江海股份,jhgf 
002485,希努尔,xne 
002486,嘉麟杰,jlj 
002487,大金重工,djzg 
002488,金固股份,jggf 
002489,浙江永强,zjyq 
002490,山东墨龙,sdml 
002491,通鼎互联,tdhl 
002492,恒基达鑫,hjdx 
002493,荣盛石化,rssh 
002494,华斯股份,hsgf 
002495,佳隆股份,jlgf 
002496,辉丰股份,hfgf 
002497,雅化集团,yhjt 
002498,汉缆股份,hlgf 
002499,科林环保,klhb 
002500,山西证券,sxzq 
002501,利源精制,lyjz 
002502,骅威股份,hwgf 
002503,搜于特,syt 
002504,弘高创意,hgcy 
002505,大康牧业,dkmy 
002506,协鑫集成,xxjc 
002507,涪陵榨菜,flzc 
002508,老板电器,lbdq 
002509,天广消防,tgxf 
002510,天汽模,tqm 
002511,中顺洁柔,zsjr 
002512,达华智能,dhzn 
002513,蓝丰生化,lfsh 
002514,宝馨科技,bxkj 
002515,金字火腿,jzht 
002516,旷达科技,kdkj 
002517,泰亚股份,tygf 
002518,科士达,ksd 
002519,银河电子,yhdz 
002520,日发精机,rfjj 
002521,齐峰新材,qfxc 
002522,浙江众成,zjzc 
002523,天桥起重,tqqz 
002524,光正集团,gzjt 
002526,山东矿机,sdkj 
002527,新时达,xsd 
002528,英飞拓,yft 
002529,海源机械,hyjx 
002530,丰东股份,fdgf 
002531,天顺风能,tsfn 
002532,新界泵业,xjby 
002533,金杯电工,jbdg 
002534,杭锅股份,hggf 
002535,林州重机,lzzj 
002536,西泵股份,xbgf 
002537,篈⒚来?机械基件,f⒚l?jxjj 
002538,司尔特,set 
002539,新都化工,xdhg 
002540,亚太科技,ytkj 
002541,鸿路钢构,hlgg 
002542,中化岩土,zhyt 
002543,万和电气,whdq 
002544,杰赛科技,jskj 
002545,东方铁塔,dftt 
002546,新联电子,xldz 
002547,春兴精工,cxjg 
002548,金新农,jxn 
002549,凯美特气,kmtq 
002550,千红制药,qhzy 
002551,尚荣医疗,sryl 
002552,宝鼎重工,bdzg 
002553,南方轴承,nfzc 
002554,惠博普,hbp 
002555,三七互娱,sqhy 
002556,辉隆股份,hlgf 
002557,洽洽食品,qqsp 
002558,世纪游轮,sjyl 
002559,亚威股份,ywgf 
002560,通达股份,tdgf 
002561,徐家汇,xjh 
002562,兄弟科技,xdkj 
002563,森马服饰,smfs 
002564,天沃科技,twkj 
002565,上海绿新,shlx 
002566,益盛药业,ysyy 
002567,唐人神,trs 
002568,百润股份,brgf 
002569,步森股份,bsgf 
002570,贝因美,bym 
002571,德力股份,dlgf 
002572,索菲亚,sfy 
002573,清新环境,qxhj 
002574,明牌珠宝,mpzb 
002575,群兴玩具,qxwj 
002576,通达动力,tddl 
002577,雷柏科技,lbkj 
002578,闽发铝业,mfly 
002579,中京电子,zjdz 
002580,圣阳股份,sygf 
002581,未名医药,wmyy 
002582,好想你,hxn 
002583,海能达,hnd 
002584,西陇科学,xlkx 
002585,双星新材,sxxc 
002586,围海股份,whgf 
002587,奥拓电子,atdz 
002588,史丹利,sdl 
002589,瑞康医药,rkyy 
002590,万安科技,wakj 
002591,恒大高新,hdgx 
002592,八菱科技,blkj 
002593,日上集团,rsjt 
002594,比亚迪,byd 
002595,豪迈科技,hmkj 
002596,海南瑞泽,hnrz 
002597,金禾实业,jhsy 
002598,山东章鼓,sdzg 
002599,盛通股份,stgf 
002600,江粉磁材,jfcc 
002601,佰利联,bll 
002602,世纪华通,sjht 
002603,以岭药业,ylyy 
002604,龙力生物,llsw 
002605,姚记扑克,yjpk 
002606,大连电瓷,dldc 
002607,亚夏汽车,yxqc 
002608,*ST舜船,*STsc 
002609,捷顺科技,jskj 
002610,爱康科技,akkj 
002611,东方精工,dfjg 
002612,朗姿股份,lzgf 
002613,北玻股份,bbgf 
002614,蒙发利,mfl 
002615,哈尔斯,hes 
002616,长青集团,cqjt 
002617,露笑科技,lxkj 
002618,丹邦科技,dbkj 
002619,巨龙管业,jlgy 
002620,瑞和股份,rhgf 
002621,三垒股份,slgf 
002622,永大集团,ydjt 
002623,亚玛顿,ymd 
002624,完美环球,wmhq 
002625,龙生股份,lsgf 
002626,金达威,jdw 
002627,宜昌交运,ycjy 
002628,成都路桥,cdlq 
002629,仁智油服,rzyf 
002630,华西能源,hxny 
002631,德尔未来,dewl 
002632,道明光学,dmgx 
002633,*ST申科,*STsk 
002634,棒杰股份,bjgf 
002635,安洁科技,ajkj 
002636,金安国纪,jagj 
002637,赞宇科技,zykj 
002638,勤上光电,qsgd 
002639,雪人股份,xrgf 
002640,跨境通,kjt 
002641,永高股份,yggf 
002642,荣之联,rzl 
002643,万润股份,wrgf 
002644,佛慈制药,fczy 
002645,华宏科技,hhkj 
002646,青青稞酒,qqkj 
002647,宏磊股份,hlgf 
002648,卫星石化,wxsh 
002649,博彦科技,bykj 
002650,加加食品,jjsp 
002651,利君股份,ljgf 
002652,扬子新材,yzxc 
002653,海思科,hsk 
002654,万润科技,wrkj 
002655,共达电声,gdds 
002656,卡奴迪路,kndl 
002657,中科金财,zkjc 
002658,雪迪龙,xdl 
002659,中泰桥梁,ztql 
002660,茂硕电源,msdy 
002661,克明面业,kmmy 
002662,京威股份,jwgf 
002663,普邦园林,pbyl 
002664,信质电机,xzdj 
002665,首航节能,shjn 
002666,德联集团,dljt 
002667,鞍重股份,azgf 
002668,奥马电器,amdq 
002669,康达新材,kdxc 
002670,华声股份,hsgf 
002671,龙泉股份,lqgf 
002672,东江环保,djhb 
002673,西部证券,xbzq 
002674,兴业科技,xykj 
002675,东诚药业,dcyy 
002676,顺威股份,swgf 
002677,浙江美大,zjmd 
002678,珠江钢琴,zjgq 
002679,福建金森,fjjs 
002680,黄海机械,hhjx 
002681,奋达科技,fdkj 
002682,龙洲股份,lzgf 
002683,宏大爆破,hdbp 
002684,猛狮科技,mskj 
002685,华东重机,hdzj 
002686,亿利达,yld 
002687,乔治白,qzb 
002688,金河生物,jhsw 
002689,远大智能,ydzn 
002690,美亚光电,mygd 
002691,冀凯股份,jkgf 
002692,远程电缆,ycdl 
002693,双成药业,scyy 
002694,顾地科技,gdkj 
002695,煌上煌,hsh 
002696,百洋股份,bygf 
002697,红旗连锁,hqls 
002698,博实股份,bsgf 
002699,美盛文化,mswh 
002700,新疆浩源,xjhy 
002701,奥瑞金,arj 
002702,海欣食品,hxsp 
002703,浙江世宝,zjsb 
002705,新宝股份,xbgf 
002706,良信电器,lxdq 
002707,众信旅游,zxly 
002708,光洋股份,gygf 
002709,天赐材料,tccl 
002711,欧浦智网,opzw 
002712,思美传媒,smcm 
002713,东易日盛,dyrs 
002714,牧原股份,mygf 
002715,登云股份,dygf 
002716,金贵银业,jgyy 
002717,岭南园林,lnyl 
002718,友邦吊顶,ybdd 
002719,麦趣尔,mqe 
002721,金一文化,jywh 
002722,金轮股份,jlgf 
002723,金莱特,jlt 
002724,海洋王,hyw 
002725,跃岭股份,ylgf 
002726,龙大肉食,ldrs 
002727,一心堂,yxt 
002728,台城制药,tczy 
002729,好利来,hll 
002730,电光科技,dgkj 
002731,萃华珠宝,chzb 
002732,燕塘乳业,ytry 
002733,雄韬股份,xtgf 
002734,利民股份,lmgf 
002735,王子新材,wzxc 
002736,国信证券,gxzq 
002737,葵花药业,khyy 
002738,中矿资源,zkzy 
002739,万达院线,wdyx 
002740,爱迪尔,ade 
002741,光华科技,ghkj 
002742,三圣特材,sstc 
002743,富煌钢构,fhgg 
002745,木林森,mls 
002746,仙坛股份,xtgf 
002747,埃斯顿,asd 
002748,世龙实业,slsy 
002749,国光股份,gggf 
002750,龙津药业,ljyy 
002751,易尚展示,yszs 
002752,昇兴股份,sxgf 
002753,永东股份,ydgf 
002755,东方新星,dfxx 
002756,永兴特钢,yxtg 
002757,南兴装备,nxzb 
002758,华通医药,htyy 
002759,天际股份,tjgf 
002760,凤形股份,fxgf 
002761,多喜爱,dxa 
002762,金发拉比,jflb 
002763,汇洁股份,hjgf 
002765,蓝黛传动,ldcd 
002766,索菱股份,slgf 
002767,先锋电子,xfdz 
002768,国恩股份,gegf 
002769,普路通,plt 
002770,科迪乳业,kdry 
002771,真视通,zst 
002772,众兴菌业,zxjy 
002773,康弘药业,khyy 
002775,文科园林,wkyl 
002776,柏堡龙,bbl 
002777,久远银海,jyyh 
002778,高科石化,gksh 
002779,中坚科技,zjkj 
002780,三夫户外,sfhw 
002781,奇信股份,qxgf 
002782,可立克,klk 
002783,凯龙股份,klgf 
002785,万里石,wls 
002786,银宝山新,ybsx 
002787,华源包装,hybz 
300001,特锐德,trd 
300002,神州泰岳,szty 
300003,乐普医疗,lpyl 
300004,南风股份,nfgf 
300005,探路者,tlz 
300006,莱美药业,lmyy 
300007,汉威电子,hwdz 
300008,上海佳豪,shjh 
300009,安科生物,aksw 
300010,立思辰,lsc 
300011,鼎汉技术,dhjs 
300012,华测检测,hcjc 
300013,新宁物流,xnwl 
300014,亿纬锂能,ywln 
300015,爱尔眼科,aeyk 
300016,北陆药业,blyy 
300017,网宿科技,wskj 
300018,中元华电,zyhd 
300019,硅宝科技,gbkj 
300020,银江股份,yjgf 
300021,大禹节水,dyjs 
300022,吉峰农机,jfnj 
300023,宝德股份,bdgf 
300024,机器人,jqr 
300025,华星创业,hxcy 
300026,红日药业,hryy 
300027,华谊兄弟,hyxd 
300028,金亚科技,jykj 
300029,天龙光电,tlgd 
300030,阳普医疗,ypyl 
300031,宝通科技,btkj 
300032,金龙机电,jljd 
300033,同花顺,ths 
300034,钢研高纳,gygn 
300035,中科电气,zkdq 
300036,超图软件,ctrj 
300037,新宙邦,xzb 
300038,梅泰诺,mtn 
300039,上海凯宝,shkb 
300040,九洲电气,jzdq 
300041,回天新材,htxc 
300042,朗科科技,lkkj 
300043,互动娱乐,hdyl 
300044,赛为智能,swzn 
300045,华力创通,hlct 
300046,台基股份,tjgf 
300047,天源迪科,tydk 
300048,合康变频,hkbp 
300049,福瑞股份,frgf 
300050,世纪鼎利,sjdl 
300051,三五互联,swhl 
300052,中青宝,zqb 
300053,欧比特,obt 
300054,鼎龙股份,dlgf 
300055,万邦达,wbd 
300056,三维丝,sws 
300057,万顺股份,wsgf 
300058,蓝色光标,lsgb 
300059,东方财富,dfcf 
300061,康耐特,knt 
300062,中能电气,zndq 
300063,天龙集团,tljt 
300064,豫金刚石,yjgs 
300065,海兰信,hlx 
300066,三川智慧,sczh 
300067,安诺其,anq 
300068,南都电源,nddy 
300069,金利华电,jlhd 
300070,碧水源,bsy 
300071,华谊嘉信,hyjx 
300072,三聚环保,sjhb 
300073,当升科技,dskj 
300074,华平股份,hpgf 
300075,数字政通,szzt 
300076,GQY视讯,GQYsx 
300077,国民技术,gmjs 
300078,思创医惠,scyh 
300079,数码视讯,smsx 
300080,易成新能,ycxn 
300081,恒信移动,hxyd 
300082,奥克股份,akgf 
300083,劲胜精密,jsjm 
300084,海默科技,hmkj 
300085,银之杰,yzj 
300086,康芝药业,kzyy 
300087,荃银高科,qygk 
300088,长信科技,zxkj 
300089,文化长城,whcc 
300090,盛运环保,syhb 
300091,金通灵,jtl 
300092,科新机电,kxjd 
300093,金刚睞?睞?广东,jgl?l?gd 
300094,国联水产,glsc 
300095,华伍股份,hwgf 
300096,易联众,ylz 
300097,智云股份,zygf 
300098,高新兴,gxx 
300099,尤洛卡,ylk 
300100,双林股份,slgf 
300101,振芯科技,zxkj 
300102,乾照光电,gzgd 
300103,达刚路机,dglj 
300104,乐视网,lsw 
300105,龙源技术,lyjs 
300106,西部牧业,xbmy 
300107,建新股份,jxgf 
300108,双龙股份,slgf 
300109,新开源,xky 
300110,华仁药业,hryy 
300111,向日葵,xrk 
300112,万讯自控,wxzk 
300113,顺网科技,swkj 
300114,中航电测,zhdc 
300115,长盈精密,zyjm 
300116,坚瑞消防,jrxf 
300117,嘉寓股份,jygf 
300118,东方日升,dfrs 
300119,瑞普生物,rpsw 
300120,经纬电材,jwdc 
300121,阳谷华泰,yght 
300122,智飞生物,zfsw 
300123,太阳鸟,tyn 
300124,汇川技术,hcjs 
300125,易世达,ysd 
300126,锐奇股份,rqgf 
300127,银河磁体,yhct 
300128,锦富新材,jfxc 
300129,泰胜风能,tsfn 
300130,新国都,xgd 
300131,英唐智控,ytzk 
300132,青松股份,qsgf 
300133,华策影视,hcys 
300134,大富科技,dfkj 
300135,宝利国际,blgj 
300136,信维通信,xwtx 
300137,先河环保,xhhb 
300138,晨光生物,cgsw 
300139,晓程科技,xckj 
300140,启源装备,qyzb 
300141,和顺电气,hsdq 
300142,沃森生物,wssw 
300143,星河生物,xhsw 
300144,宋城演艺,scyy 
300145,南方泵业,nfby 
300146,汤臣倍健,tcbj 
300147,香雪制药,xxzy 
300148,天舟文化,tzwh 
300149,量子高科,lzgk 
300150,世纪瑞尔,sjre 
300151,昌红科技,chkj 
300152,科融环境,krhj 
300153,科泰电源,ktdy 
300154,瑞凌股份,rlgf 
300155,安居宝,ajb 
300156,神雾环保,swhb 
300157,恒泰艾普,htap 
300158,振东制药,zdzy 
300159,新研股份,xygf 
300160,秀强股份,xqgf 
300161,华中数控,hzsk 
300162,雷曼股份,lmgf 
300163,先锋新材,xfxc 
300164,通源石油,tysy 
300165,天瑞仪器,tryq 
300166,东方国信,dfgx 
300167,迪威视讯,dwsx 
300168,万达信息,wdxx 
300169,天晟新材,tcxc 
300170,汉得信息,hdxx 
300171,东富龙,dfl 
300172,中电环保,zdhb 
300173,智慧松德,zhsd 
300174,元力股份,ylgf 
300175,朗源股份,lygf 
300176,鸿特精密,htjm 
300177,中海达,zhd 
300178,腾邦国际,tbgj 
300179,四方达,sfd 
300180,华峰超纤,hfcx 
300181,佐力药业,zlyy 
300182,捷成股份,jcgf 
300183,东软载波,drzb 
300184,力源信息,lyxx 
300185,通裕重工,tyzg 
300187,永清环保,yqhb 
300188,美亚柏科,mybk 
300189,神农基因,snjy 
300190,维尔利,wel 
300191,潜能恒信,qnhx 
300192,科斯伍德,kswd 
300193,佳士科技,jskj 
300194,福安药业,fayy 
300195,长荣股份,zrgf 
300196,长海股份,zhgf 
300197,铁汉生态,thst 
300198,纳川股份,ncgf 
300199,翰宇药业,hyyy 
300200,高盟新材,gmxc 
300201,海伦哲,hlz 
300202,聚龙股份,jlgf 
300203,聚光科技,jgkj 
300204,舒泰神,sts 
300205,天喻信息,tyxx 
300206,理邦仪器,lbyq 
300207,欣旺达,xwd 
300208,恒顺众昇,hszs 
300209,天泽信息,tzxx 
300210,森远股份,sygf 
300211,亿通科技,ytkj 
300212,易华录,yhl 
300213,佳讯飞鸿,jxfh 
300214,日科化学,rkhx 
300215,电科院,dky 
300216,千山药机,qsyj 
300217,东方电热,dfdr 
300218,安利股份,algf 
300219,鸿利光电,hlgd 
300220,金运激光,jyjg 
300221,银禧科技,yxkj 
300222,科大智能,kdzn 
300223,北京君正,bjjz 
300224,正海磁材,zhcc 
300225,金力泰,jlt 
300226,上海钢联,shgl 
300227,光韵达,gyd 
300228,富瑞特装,frtz 
300229,拓尔思,tes 
300230,永利股份,ylgf 
300231,银信科技,yxkj 
300232,洲明科技,zmkj 
300233,金城医药,jcyy 
300234,开尔新材,kexc 
300235,方直科技,fzkj 
300236,上海新阳,shxy 
300237,美晨科技,mckj 
300238,冠昊生物,ghsw 
300239,东宝生物,dbsw 
300240,飞力达,fld 
300241,瑞丰光电,rfgd 
300242,明家科技,mjkj 
300243,瑞丰高材,rfgc 
300244,迪安诊断,dazd 
300245,天玑科技,tjkj 
300246,宝莱特,blt 
300247,乐金健康,ljjk 
300248,新开普,xkp 
300249,依米康,ymk 
300250,初灵信息,clxx 
300251,光线传媒,gxcm 
300252,金信诺,jxn 
300253,卫宁健康,wnjk 
300254,仟源医药,qyyy 
300255,常山药业,csyy 
300256,星星科技,xxkj 
300257,开山股份,ksgf 
300258,精锻科技,jdkj 
300259,新天科技,xtkj 
300260,新莱应材,xlyc 
300261,雅本化学,ybhx 
300262,巴安水务,basw 
300263,隆华节能,lhjn 
300264,佳创视讯,jcsx 
300265,通光线缆,tgxl 
300266,兴源环境,xyhj 
300267,尔康制药,ekzy 
300268,万福生科,wfsk 
300269,联建光电,ljgd 
300270,中威电子,zwdz 
300271,华宇软件,hyrj 
300272,开能环保,knhb 
300273,和佳股份,hjgf 
300274,阳光电源,ygdy 
300275,梅安森,mas 
300276,三丰智能,sfzn 
300277,篈?软件服务,f?rjfw 
300278,华昌达,hcd 
300279,和晶科技,hjkj 
300280,南通锻压,ntdy 
300281,金明精机,jmjj 
300282,汇冠股份,hggf 
300283,温州宏丰,wzhf 
300284,苏交科,sjk 
300285,国瓷材料,gccl 
300286,安科瑞,akr 
300287,飞利信,flx 
300288,朗玛信息,lmxx 
300289,利德曼,ldm 
300290,荣科科技,rkkj 
300291,华录百纳,hlbn 
300292,吴通控股,wtkg 
300293,蓝英装备,lyzb 
300294,博雅生物,bysw 
300295,三六五网,slww 
300296,利亚德,lyd 
300297,蓝盾股份,ldgf 
300298,三诺生物,snsw 
300299,富春通信,fctx 
300300,汉鼎股份,hdgf 
300301,长方照明,zfzm 
300302,同有科技,tykj 
300303,聚飞光电,jfgd 
300304,云意电气,yydq 
300305,裕兴股份,yxgf 
300306,远方光电,yfgd 
300307,慈星股份,cxgf 
300308,中际装备,zjzb 
300309,吉艾科技,jakj 
300310,宜通世纪,ytsj 
300311,任子行,rzx 
300312,邦讯技术,bxjs 
300313,天山生物,tssw 
300314,戴维医疗,dwyl 
300315,掌趣科技,zqkj 
300316,晶盛机电,jsjd 
300317,珈伟股份,jwgf 
300318,博晖创新,bhcx 
300319,麦捷科技,mjkj 
300320,海达股份,hdgf 
300321,同大股份,tdgf 
300322,硕贝德,sbd 
300323,华灿光电,hcgd 
300324,旋极信息,xjxx 
300325,德威新材,dwxc 
300326,凯利泰,klt 
300327,中颖电子,zydz 
300328,宜安科技,yakj 
300329,海伦钢琴,hlgq 
300330,华虹计通,hhjt 
300331,苏大维格,sdwg 
300332,天壕环境,thhj 
300333,兆日科技,zrkj 
300334,津膜科技,jmkj 
300335,迪森股份,dsgf 
300336,新文化,xwh 
300337,银邦股份,ybgf 
300338,开元仪器,kyyq 
300339,润和软件,rhrj 
300340,科恒股份,khgf 
300341,麦迪电气,mddq 
300342,天银机电,tyjd 
300343,联创股份,lcgf 
300344,太空板业,tkby 
300345,红宇新材,hyxc 
300346,南大光电,ndgd 
300347,泰格医药,tgyy 
300348,长亮科技,zlkj 
300349,金卡股份,jkgf 
300350,华鹏飞,hpf 
300351,永贵电器,ygdq 
300352,北信源,bxy 
300353,东土科技,dtkj 
300354,东华测试,dhcs 
300355,蒙草抗旱,mckh 
300356,光一科技,gykj 
300357,我武生物,wwsw 
300358,楚天科技,ctkj 
300359,全通教育,qtjy 
300360,炬华科技,jhkj 
300362,天翔环境,txhj 
300363,博腾股份,btgf 
300364,中文在线,zwzx 
300365,恒华科技,hhkj 
300366,创意信息,cyxx 
300367,东方网力,dfwl 
300368,汇金股份,hjgf 
300369,绿盟科技,lmkj 
300370,安控科技,akkj 
300371,汇中股份,hzgf 
300372,欣泰电气,xtdq 
300373,扬杰科技,yjkj 
300374,恒通科技,htkj 
300375,鹏翎股份,plgf 
300376,易事特,yst 
300377,赢时胜,yss 
300378,鼎捷软件,djrj 
300379,东方通,dft 
300380,安硕信息,asxx 
300381,溢多利,ydl 
300382,斯莱克,slk 
300383,光环新网,ghxw 
300384,三联虹普,slhp 
300385,雪浪环境,xlhj 
300386,飞天诚信,ftcx 
300387,富邦股份,fbgf 
300388,国祯环保,gzhb 
300389,艾比森,abs 
300390,天华超净,thcj 
300391,康跃科技,kykj 
300392,腾信股份,txgf 
300393,中来股份,zlgf 
300394,天孚通信,tftx 
300395,菲利华,flh 
300396,迪瑞医疗,dryl 
300397,天和防务,thfw 
300398,飞凯材料,fkcl 
300399,京天利,jtl 
300400,劲拓股份,jtgf 
300401,花园生物,hysw 
300402,宝色股份,bsgf 
300403,地尔汉宇,dehy 
300404,博济医药,bjyy 
300405,科隆精化,kljh 
300406,九强生物,jqsw 
300407,凯发电气,kfdq 
300408,三环集团,shjt 
300409,道氏技术,dsjs 
300410,正业科技,zykj 
300411,金盾股份,jdgf 
300412,迦南科技,jnkj 
300413,快乐购,klg 
300414,中光防雷,zgfl 
300415,伊之密,yzm 
300416,苏试试验,sssy 
300417,南华仪器,nhyq 
300418,昆仑万维,klww 
300419,浩丰科技,hfkj 
300420,五洋科技,wykj 
300421,力星股份,lxgf 
300422,博世科,bsk 
300423,鲁亿通,lyt 
300424,航新科技,hxkj 
300425,环能科技,hnkj 
300426,唐德影视,tdys 
300427,红相电力,hxdl 
300428,四通新材,stxc 
300429,强力新材,qlxc 
300430,诚益通,cyt 
300431,暴风科技,bfkj 
300432,富临精工,fljg 
300433,蓝思科技,lskj 
300434,金石东方,jsdf 
300435,中泰股份,ztgf 
300436,广生堂,gst 
300437,清水源,qsy 
300438,鹏辉能源,phny 
300439,美康生物,mksw 
300440,运达科技,ydkj 
300441,鲍斯股份,bsgf 
300442,普丽盛,pls 
300443,金雷风电,jlfd 
300444,双杰电气,sjdq 
300445,康斯特,kst 
300446,乐凯新材,lkxc 
300447,全信股份,qxgf 
300448,浩云科技,hykj 
300449,汉邦高科,hbgk 
300450,先导智能,xdzn 
300451,创业软件,cyrj 
300452,山河药辅,shyf 
300453,三鑫医疗,sxyl 
300455,康拓红外,kthw 
300456,耐威科技,nwkj 
300457,赢合科技,yhkj 
300458,全志科技,qzkj 
300459,浙江金科,zjjk 
300460,惠伦晶体,hljt 
300461,田中精机,tzjj 
300462,华铭智能,hmzn 
300463,迈克生物,mksw 
300464,星徽精密,xhjm 
300465,高伟达,gwd 
300466,赛摩电气,smdq 
300467,迅游科技,xykj 
300468,四方精创,sfjc 
300469,信息发展,xxfz 
300470,日机密封,rjmf 
300471,厚普股份,hpgf 
300472,新元科技,xykj 
300473,德尔股份,degf 
300475,聚隆科技,jlkj 
300476,胜宏科技,shkj 
300477,合纵科技,hzkj 
300478,杭州高新,hzgx 
300479,神思电子,ssdz 
300480,光力科技,glkj 
300481,濮阳惠成,pyhc 
300482,万孚生物,wfsw 
300483,沃施股份,wsgf 
300485,赛升药业,ssyy 
300486,东杰智能,djzn 
300487,蓝晓科技,lxkj 
300488,恒锋工具,hfgj 
300489,中飞股份,zfgf 
300490,华自科技,hzkj 
300491,通合科技,thkj 
300492,山鼎设计,sdsj 
300493,润欣科技,rxkj 
300494,盛天网络,stwl 
300495,美尚生态,msst 
300496,中科创达,zkcd 
300497,富祥股份,fxgf 
300498,温氏股份,wsgf 
300499,N高澜,Ngl 
000033,*ST新都,*STxd 
002788,鹭燕医药,lyyy 
300500,苏州设计,szsj 
300501,海顺新材,hsxc 
600000,浦发银行,pfyx 
600004,白云机场,byjc 
600005,武钢股份,wggf 
600006,东风汽车,dfqc 
600007,中国国贸,zggm 
600008,首创股份,scgf 
600009,上海机场,shjc 
600010,包钢股份,bggf 
600011,华能国际,hngj 
600012,皖通高速,wtgs 
600015,华夏银行,hxyx 
600016,民生银行,msyx 
600017,日照港,rzg 
600018,上港集团,sgjt 
600019,宝钢股份,bggf 
600020,中原高速,zygs 
600021,上海电力,shdl 
600022,山东钢铁,sdgt 
600023,浙能电力,zndl 
600026,中海发展,zhfz 
600027,华电国际,hdgj 
600028,中国石化,zgsh 
600029,南方航空,nfhk 
600030,中信证券,zxzq 
600031,三一重工,syzg 
600033,福建高速,fjgs 
600035,楚天高速,ctgs 
600036,招商银行,zsyx 
600037,歌华有线,ghyx 
600038,中直股份,zzgf 
600039,四川路桥,sclq 
600048,保利地产,bldc 
600050,中国联通,zglt 
600051,宁波联合,nblh 
600052,浙江广厦,zjgs 
600053,九鼎投资,jdtz 
600054,黄山旅游,hsly 
600055,华润万东,hrwd 
600056,中国医药,zgyy 
600057,象屿股份,xygf 
600058,五矿发展,wkfz 
600059,古越龙山,gyls 
600060,海信电器,hxdq 
600061,国投安信,gtax 
600062,华润双鹤,hrsh 
600063,皖维高新,wwgx 
600064,南京高科,njgk 
600066,宇通客车,ytkc 
600067,冠城大通,gcdt 
600068,葛洲坝,gzb 
600069,*ST银鸽,*STyg 
600070,浙江富润,zjfr 
600071,*ST光学,*STgx 
600072,钢构工程,gggc 
600073,上海梅林,shml 
600074,保千里,bql 
600075,新疆天业,xjty 
600076,康欣新材,kxxc 
600077,宋都股份,sdgf 
600078,澄星股份,cxgf 
600079,人福医药,rfyy 
600080,金花股份,jhgf 
600081,东风科技,dfkj 
600082,海泰发展,htfz 
600083,博信股份,bxgf 
600084,中葡股份,zpgf 
600085,同仁堂,trt 
600086,东方金钰,dfjy 
600088,中视传媒,zscm 
600089,特变电工,tbdg 
600090,啤酒花,pjh 
600091,*ST明科,*STmk 
600093,禾嘉股份,hjgf 
600094,大名城,dmc 
600095,哈高科,hgk 
600096,云天化,yth 
600097,开创国际,kcgj 
600098,广州发展,gzfz 
600099,林海股份,lhgf 
600100,同方股份,tfgf 
600101,明星电力,mxdl 
600103,青山纸业,qszy 
600104,上汽集团,sqjt 
600105,永鼎股份,ydgf 
600106,重庆路桥,cqlq 
600107,美尔雅,mey 
600108,亚盛集团,ysjt 
600109,国金证券,gjzq 
600110,中科英华,zkyh 
600111,北方稀土,bfxt 
600112,天成控股,tckg 
600113,浙江东日,zjdr 
600114,东睦股份,dmgf 
600115,东方航空,dfhk 
600116,三峡水利,sxsl 
600117,西宁特钢,xntg 
600118,中国卫星,zgwx 
600119,长江投资,cjtz 
600120,浙江东方,zjdf 
600121,郑州煤电,zzmd 
600122,宏图高科,htgk 
600123,兰花科创,lhkc 
600125,铁龙物流,tlwl 
600126,杭钢股份,hggf 
600127,金健米业,jjmy 
600128,弘业股份,hygf 
600129,太极集团,tjjt 
600130,波导股份,bdgf 
600131,岷江水电,mjsd 
600132,重庆啤酒,cqpj 
600133,东湖高新,dhgx 
600135,乐凯胶片,lkjp 
600136,道博股份,dbgf 
600137,浪莎股份,lsgf 
600138,中青旅,zql 
600139,西部资源,xbzy 
600141,兴发集团,xfjt 
600143,金发科技,jfkj 
600145,*ST新亿,*STxy 
600146,商赢环球,syhq 
600148,长春一东,ccyd 
600149,廊坊发展,lffz 
600150,中国船舶,zgcb 
600151,航天机电,htjd 
600152,维科精华,wkjh 
600153,建发股份,jfgf 
600155,宝硕股份,bsgf 
600156,华升股份,hsgf 
600157,永泰能源,ytny 
600158,中体产业,ztcy 
600159,大龙地产,dldc 
600160,巨化股份,jhgf 
600161,天坛生物,ttsw 
600162,香江控股,xjkg 
600163,*ST闽能,*STmn 
600165,新日恒力,xrhl 
600166,福田汽车,ftqc 
600167,联美控股,lmkg 
600168,武汉控股,whkg 
600169,太原重工,tyzg 
600170,上海建工,shjg 
600171,上海贝岭,shbl 
600172,黄河旋风,hhxf 
600173,卧龙地产,wldc 
600175,美都能源,mdny 
600176,中国巨石,zgjs 
600177,雅戈尔,yge 
600178,东安动力,dadl 
600179,黑化股份,hhgf 
600180,瑞茂通,rmt 
600182,S佳通,Sjt 
600183,生益科技,sykj 
600184,光电股份,gdgf 
600185,格力地产,gldc 
600186,莲花健康,lhjk 
600187,国中水务,gzsw 
600188,兖州煤业,yzmy 
600189,吉林森工,jlsg 
600190,锦州港,jzg 
600191,华资实业,hzsy 
600192,长城电工,ccdg 
600193,创兴资源,cxzy 
600195,中牧股份,zmgf 
600196,复星医药,fxyy 
600197,伊力特,ylt 
600198,大唐电信,dtdx 
600199,金种子酒,jzzj 
600200,江苏吴中,jswz 
600201,生物股份,swgf 
600202,哈空调,hkt 
600203,福日电子,frdz 
600206,有研新材,yyxc 
600207,安彩高科,acgk 
600208,新湖中宝,xhzb 
600209,罗顿发展,ldfz 
600210,紫江企业,zjqy 
600211,西藏药业,xcyy 
600212,江泉实业,jqsy 
600213,亚星客车,yxkc 
600215,长春经开,ccjk 
600216,浙江医药,zjyy 
600217,*ST秦岭,*STql 
600218,全柴动力,qcdl 
600219,南山铝业,nsly 
600220,江苏阳光,jsyg 
600221,海南航空,hnhk 
600222,太龙药业,tlyy 
600223,鲁商置业,lszy 
600225,天津松江,tjsj 
600226,升华拜克,shbk 
600227,赤天化,cth 
600228,昌九生化,cjsh 
600229,城市传媒,cscm 
600230,沧州大化,czdh 
600231,凌钢股份,lggf 
600232,金鹰股份,jygf 
600233,大杨创世,dycs 
600234,山水文化,sswh 
600235,民丰特纸,mftz 
600236,桂冠电力,ggdl 
600237,铜峰电子,tfdz 
600238,海南椰岛,hnyd 
600239,云南城投,ynct 
600240,华业资本,hyzb 
600241,时代万恒,sdwh 
600242,*ST中昌,*STzc 
600243,青海华鼎,qhhd 
600246,万通地产,wtdc 
600247,*ST成城,*STcc 
600248,延长化建,ychj 
600249,两面针,lmz 
600250,南纺股份,nfgf 
600251,冠农股份,gngf 
600252,中恒集团,zhjt 
600255,鑫科材料,xkcl 
600256,广汇能源,ghny 
600257,大湖股份,dhgf 
600258,首旅酒店,sljd 
600259,广晟有色,gcys 
600260,凯乐科技,klkj 
600261,阳光照明,ygzm 
600262,北方股份,bfgf 
600265,ST景谷,STjg 
600266,北京城建,bjcj 
600267,海正药业,hzyy 
600268,国电南自,gdnz 
600269,赣粤高速,gygs 
600270,外运发展,wyfz 
600271,航天信息,htxx 
600272,开开实业,kksy 
600273,嘉化能源,jhny 
600275,武昌鱼,wcy 
600276,恒瑞医药,hryy 
600277,亿利洁能,yljn 
600278,东方创业,dfcy 
600279,重庆港九,cqgj 
600280,中央商场,zysc 
600281,太化股份,thgf 
600282,南钢股份,nggf 
600283,钱江水利,qjsl 
600284,浦东建设,pdjs 
600285,羚锐制药,lrzy 
600287,江苏舜天,jsst 
600288,大恒科技,dhkj 
600289,亿阳信通,yyxt 
600290,华仪电气,hydq 
600291,西水股份,xsgf 
600292,中电远达,zdyd 
600293,三峡新材,sxxc 
600295,鄂尔多斯,eeds 
600297,广汇汽车,ghqc 
600298,安琪酵母,aqjm 
600299,安迪苏,ads 
600300,维维股份,wwgf 
600301,*ST南化,*STnh 
600302,标准股份,bzgf 
600303,曙光股份,sggf 
600305,恒顺醋业,hscy 
600306,商业城,syc 
600307,酒钢宏兴,jghx 
600308,华泰股份,htgf 
600309,万华化学,whhx 
600310,桂东电力,gddl 
600311,ST荣华,STrh 
600312,平高电气,pgdq 
600313,农发种业,nfzy 
600315,上海家化,shjh 
600316,洪都航空,hdhk 
600317,营口港,ykg 
600318,巢东股份,cdgf 
600319,亚星化学,yxhx 
600320,振华重工,zhzg 
600321,国栋建设,gdjs 
600322,天房发展,tffz 
600323,瀚蓝环境,hlhj 
600325,华发股份,hfgf 
600326,西藏天路,xctl 
600327,大东方,ddf 
600328,兰太实业,ltsy 
600329,中新药业,zxyy 
600330,天通股份,ttgf 
600331,宏达股份,hdgf 
600332,白云山,bys 
600333,长春燃气,ccrq 
600335,国机汽车,gjqc 
600336,澳柯玛,akm 
600337,美克家居,mkjj 
600338,西藏珠峰,xzzf 
600339,天利高新,tlgx 
600340,华夏幸福,hxxf 
600343,航天动力,htdl 
600345,长江通信,cjtx 
600346,大橡塑,dxs 
600348,阳泉煤业,yqmy 
600350,山东高速,sdgs 
600351,亚宝药业,ybyy 
600352,浙江龙盛,zjls 
600353,旭光股份,xggf 
600354,敦煌种业,dhzy 
600355,精伦电子,jldz 
600356,恒丰纸业,hfzy 
600358,国旅联合,gllh 
600359,新农开发,xnkf 
600360,华微电子,hwdz 
600361,华联综超,hlzc 
600362,江西铜业,jxty 
600363,联创光电,lcgd 
600365,通葡股份,tpgf 
600366,宁波韵升,nbys 
600367,红星发展,hxfz 
600368,五洲交通,wzjt 
600369,西南证券,xnzq 
600370,三房巷,sfx 
600371,万向德农,wxdn 
600372,中航电子,zhdz 
600373,中文传媒,zwcm 
600375,华菱星马,hlxm 
600376,首开股份,skgf 
600377,宁沪高速,nhgs 
600378,天科股份,tkgf 
600379,宝光股份,bggf 
600380,健康元,jky 
600381,青海春天,qhct 
600382,广东明珠,gdmz 
600383,金地集团,jdjt 
600385,山东金泰,sdjt 
600386,北巴传媒,bbcm 
600387,海越股份,hygf 
600388,龙净环保,ljhb 
600389,江山股份,jsgf 
600390,金瑞科技,jrkj 
600391,成发科技,cfkj 
600392,盛和资源,shzy 
600393,东华实业,dhsy 
600395,盘江股份,pjgf 
600396,金山股份,jsgf 
600397,安源煤业,aymy 
600398,海澜之家,hlzj 
600399,抚顺特钢,fstg 
600400,红豆股份,hdgf 
600401,*ST海润,*SThr 
600403,大有能源,dyny 
600405,动力源,dly 
600406,国电南瑞,gdnr 
600408,*ST安泰,*STat 
600409,三友化工,syhg 
600410,华胜天成,hstc 
600415,小商品城,xspc 
600416,湘电股份,xdgf 
600418,江淮汽车,jhqc 
600419,天润乳业,trry 
600420,现代制药,xdzy 
600421,仰帆控股,yfkg 
600422,昆药集团,kyjt 
600423,柳化股份,lhgf 
600425,青松建化,qsjh 
600426,华鲁恒升,hlhs 
600428,中远航运,zyhy 
600429,三元股份,sygf 
600432,吉恩镍业,jeny 
600433,冠豪高新,ghgx 
600435,北方导航,bfdh 
600436,片仔癀,pzh 
600438,通威股份,twgf 
600439,瑞贝卡,rbk 
600444,*ST国通,*STgt 
600446,金证股份,jzgf 
600448,华纺股份,hfgf 
600449,宁夏建材,nxjc 
600452,涪陵电力,fldl 
600455,博通股份,btgf 
600456,宝钛股份,btgf 
600458,时代新材,sdxc 
600459,贵研铂业,gyby 
600460,士兰微,slw 
600461,洪城水业,hcsy 
600462,石岘纸业,sxzy 
600463,空港股份,kggf 
600466,蓝光发展,lgfz 
600467,好当家,hdj 
600468,百利电气,bldq 
600469,风神股份,fsgf 
600470,六国化工,lghg 
600475,华光股份,hggf 
600476,湘邮科技,xykj 
600477,杭萧钢构,hxgg 
600478,科力远,kly 
600479,千金药业,qjyy 
600480,凌云股份,lygf 
600481,双良节能,sljn 
600482,风帆股份,ffgf 
600483,福能股份,fngf 
600485,信威集团,xwjt 
600486,扬农化工,ynhg 
600487,亨通光电,htgd 
600488,天药股份,tygf 
600489,中金黄金,zjhj 
600490,鹏欣资源,pxzy 
600491,龙元建设,lyjs 
600493,凤竹纺织,fzfz 
600495,晋西车轴,jxcz 
600496,精工钢构,jggg 
600497,驰宏锌锗,chxz 
600498,烽火通信,fhtx 
600499,科达洁能,kdjn 
600500,中化国际,zhgj 
600501,航天晨光,htcg 
600502,安徽水利,ahsl 
600503,华丽家族,hljz 
600505,西昌电力,xcdl 
600506,香梨股份,xlgf 
600507,方大特钢,fdtg 
600508,上海能源,shny 
600509,天富能源,tfny 
600510,黑牡丹,hmd 
600511,国药股份,gygf 
600512,腾达建设,tdjs 
600513,联环药业,lhyy 
600515,海航基础,hhjc 
600516,方大炭素,fdts 
600517,置信电气,zxdq 
600518,康美药业,kmyy 
600519,贵州茅台,gzmt 
600520,中发科技,zfkj 
600521,华海药业,hhyy 
600522,中天科技,ztkj 
600523,贵航股份,ghgf 
600525,长园集团,zyjt 
600526,菲达环保,fdhb 
600527,江南高纤,jngx 
600528,中铁二局,ztej 
600529,山东药玻,sdyb 
600530,交大昂立,jdal 
600531,豫光金铅,ygjq 
600532,宏达矿业,hdky 
600533,栖霞建设,qxjs 
600535,天士力,tsl 
600536,中国软件,zgrj 
600537,亿晶光电,yjgd 
600538,国发股份,gfgf 
600539,*ST狮头,*STst 
600540,新赛股份,xsgf 
600543,莫高股份,mggf 
600545,新疆城建,xjcj 
600546,山煤国际,smgj 
600547,山东黄金,sdhj 
600548,深高速,sgs 
600549,厦门钨业,smwy 
600550,保变电气,bbdq 
600551,时代出版,sdcb 
600552,方兴科技,fxkj 
600555,九龙山,jls 
600556,慧球科技,hqkj 
600557,康缘药业,kyyy 
600558,大西洋,dxy 
600559,老白干酒,lbgj 
600560,金自天正,jztz 
600561,江西长运,jxzy 
600562,国睿科技,grkj 
600563,法拉电子,fldz 
600565,迪马股份,dmgf 
600566,济川药业,jcyy 
600567,山鹰纸业,syzy 
600568,中珠控股,zzkg 
600569,安阳钢铁,aygt 
600570,恒生电子,hsdz 
600571,信雅达,xyd 
600572,康恩贝,keb 
600573,惠泉啤酒,hqpj 
600575,皖江物流,wjwl 
600576,万家文化,wjwh 
600577,精达股份,jdgf 
600578,京能电力,jndl 
600579,天华院,thy 
600580,卧龙电气,wldq 
600581,八一钢铁,bygt 
600582,天地科技,tdkj 
600583,海油工程,hygc 
600584,长电科技,zdkj 
600585,海螺水泥,hlsn 
600586,金晶科技,jjkj 
600587,新华医疗,xhyl 
600588,用友网络,yywl 
600589,广东榕泰,gdrt 
600590,泰豪科技,thkj 
600592,龙溪股份,lxgf 
600593,大连圣亚,dlsy 
600594,益佰制药,ybzy 
600595,中孚实业,zfsy 
600596,新安股份,xagf 
600597,光明乳业,gmry 
600598,北大荒,bdh 
600599,熊猫金控,xmjk 
600600,青岛啤酒,qdpj 
600601,方正科技,fzkj 
600602,仪电电子,yddz 
600603,大洲兴业,dzxy 
600604,市北高新,sbgx 
600605,汇通能源,htny 
600606,绿地控股,ldkg 
600608,*ST沪科,*SThk 
600609,金杯汽车,jbqc 
600610,中毅达,zyd 
600611,大众交通,dzjt 
600612,老凤祥,lfx 
600613,神奇制药,sqzy 
600614,鼎立股份,dlgf 
600615,丰华股份,fhgf 
600616,金枫酒业,jfjy 
600617,国新能源,gxny 
600618,氯碱化工,ljhg 
600619,篈⒐煞?机械基件,f⒐s?jxjj 
600620,天宸股份,tcgf 
600621,华鑫股份,hxgf 
600622,嘉宝集团,jbjt 
600623,双钱股份,sqgf 
600624,复旦复华,fdfh 
600626,申达股份,sdgf 
600628,新世界,xsj 
600629,华建集团,hjjt 
600630,龙头股份,ltgf 
600633,浙报传媒,zbcm 
600634,中技控股,zjkg 
600635,大众公用,dzgy 
600636,三爱富,saf 
600637,东方明珠,dfmz 
600638,新黄浦,xhp 
600639,浦东金桥,pdjq 
600640,号百控股,hbkg 
600641,万业企业,wyqy 
600642,申能股份,sngf 
600643,爱建集团,ajjt 
600644,*ST乐电,*STld 
600645,中源协和,zyxh 
600647,同达创业,tdcy 
600648,外高桥,wgq 
600649,城投控股,ctkg 
600650,锦江投资,jjtz 
600651,飞乐音响,flyx 
600652,游久游戏,yjyx 
600653,申华控股,shkg 
600654,中安消,zax 
600655,豫园商城,yysc 
600657,信达地产,xddc 
600658,电子城,dzc 
600660,福耀睞?汽车配件,fyl?qcpj 
600661,新南洋,xny 
600662,强生控股,qskg 
600663,陆家嘴,ljz 
600664,哈药股份,hygf 
600665,天地源,tdy 
600666,奥瑞德,ard 
600667,太极实业,tjsy 
600668,尖峰集团,jfjt 
600671,天目药业,tmyy 
600673,东阳光科,dygk 
600674,川投能源,ctny 
600675,中华企业,zhqy 
600676,交运股份,jygf 
600677,航天通信,httx 
600678,四川金顶,scjd 
600679,上海凤凰,shfh 
600680,上海普天,shpt 
600681,万鸿集团,whjt 
600682,南京新百,njxb 
600683,京投银泰,jtyt 
600684,珠江实业,zjsy 
600685,中船防务,zcfw 
600686,金龙汽车,jlqc 
600687,刚泰控股,gtkg 
600688,上海石化,shsh 
600689,上海三毛,shsm 
600690,青岛海尔,qdhe 
600691,*ST阳化,*STyh 
600692,亚通股份,ytgf 
600693,东百集团,dbjt 
600694,大商股份,dsgf 
600695,绿庭投资,lttz 
600696,匹凸匹,ptp 
600697,欧亚集团,oyjt 
600698,湖南天雁,hnty 
600699,均胜电子,jsdz 
600701,工大高新,gdgx 
600702,沱牌舍得,tpsd 
600703,三安光电,sagd 
600704,物产中大,wczd 
600705,中航资本,zhzb 
600706,曲江文旅,qjwl 
600707,彩虹股份,chgf 
600708,光明地产,gmdc 
600710,*ST矨?工程机械,*STy?gcjx 
600711,盛屯矿业,stky 
600712,南宁百货,nnbh 
600713,南京医药,njyy 
600714,金瑞矿业,jrky 
600715,*ST松辽,*STsl 
600716,凤凰股份,fhgf 
600717,天津港,tjg 
600718,东软集团,drjt 
600719,大连热电,dlrd 
600720,祁连山,qls 
600721,百花村,bhc 
600722,*ST金化,*STjh 
600723,首商股份,ssgf 
600724,宁波富达,nbfd 
600725,云维股份,ywgf 
600726,华电能源,hdny 
600727,鲁北化工,lbhg 
600728,佳都科技,jdkj 
600729,重庆百货,zqbh 
600730,中国高科,zggk 
600731,湖南海利,hnhl 
600732,*ST新梅,*STxm 
600733,S前锋,Sqf 
600734,实达集团,sdjt 
600735,新华锦,xhj 
600736,苏州高新,szgx 
600737,中粮屯河,zlth 
600738,兰州民百,lzmb 
600739,辽宁成大,lncd 
600740,山西焦化,sxjh 
600741,华域汽车,hyqc 
600742,一汽富维,yqfw 
600743,华远地产,hydc 
600744,华银电力,hydl 
600745,中茵股份,zygf 
600746,江苏索普,jssp 
600747,大连控股,dlkg 
600748,上实发展,ssfz 
600749,西藏旅游,xzly 
600750,江中药业,jzyy 
600751,天海投资,thtz 
600753,东方银星,dfyx 
600754,锦江股份,jjgf 
600755,厦门国贸,smgm 
600756,浪潮软件,lcrj 
600757,长江传媒,cjcm 
600758,红阳能源,hyny 
600759,洲际油气,zjyq 
600760,中航黑豹,zhhb 
600761,安徽合力,ahhl 
600763,通策医疗,tcyl 
600764,中电广通,zdgt 
600765,中航重机,zhzj 
600766,园城黄金,ychj 
600767,运盛医疗,ysyl 
600768,宁波富邦,nbfb 
600769,祥龙电业,xldy 
600770,综艺股份,zygf 
600771,广誉远,gyy 
600773,西藏城投,xzct 
600774,汉商集团,hsjt 
600775,南京熊猫,njxm 
600776,东方通信,dftx 
600777,新潮实业,xcsy 
600778,友好集团,yhjt 
600779,*ST水井,*STsj 
600780,通宝能源,tbny 
600781,辅仁药业,fryy 
600782,新钢股份,xggf 
600783,鲁信创投,lxct 
600784,鲁银投资,lytz 
600785,新华百货,xhbh 
600787,中储股份,zcgf 
600789,鲁抗医药,lkyy 
600790,轻纺城,qfc 
600791,京能置业,jnzy 
600792,云煤能源,ymny 
600793,ST宜纸,STyz 
600794,保税科技,bskj 
600795,国电电力,gddl 
600796,钱江生化,qjsh 
600797,浙大网新,zdwx 
600798,宁波海运,nbhy 
600800,天津磁卡,tjck 
600801,华新水泥,hxsn 
600802,福建水泥,fjsn 
600803,新奥股份,xagf 
600804,鹏博士,pbs 
600805,悦达投资,ydtz 
600806,昆明机床,kmjc 
600807,天业股份,tygf 
600808,马钢股份,mggf 
600809,山西汾酒,sxfj 
600810,神马股份,smgf 
600811,东方集团,dfjt 
600812,华北制药,hbzy 
600814,杭州解百,hzjb 
600815,厦工股份,sggf 
600816,安信信托,axxt 
600817,ST宏盛,SThs 
600818,中路股份,zlgf 
600819,耀皮睞?睞?上海,ypl?l?sh 
600820,隧道股份,sdgf 
600821,津劝业,jqy 
600822,上海物贸,shwm 
600823,世茂股份,smgf 
600824,益民集团,ymjt 
600825,新华传媒,xhcm 
600826,兰生股份,lsgf 
600827,百联股份,blgf 
600828,成商集团,csjt 
600829,人民同泰,rmtt 
600830,香溢融通,xyrt 
600831,广电网络,gdwl 
600833,第一医药,dyyy 
600834,申通地铁,stdt 
600835,上海机电,shjd 
600836,界龙实业,jlsy 
600837,海通证券,htzq 
600838,上海九百,shjb 
600839,四川长虹,sczh 
600841,上柴股份,scgf 
600843,上工申贝,sgsb 
600844,丹化科技,dhkj 
600845,宝信软件,bxrj 
600846,同济科技,tjkj 
600847,万里股份,wlgf 
600848,上篈俑?园区开发,sfy?yqkf 
600850,华东电脑,hddn 
600851,海欣股份,hxgf 
600853,龙建股份,ljgf 
600854,春兰股份,clgf 
600855,航天长峰,htzf 
600856,中天能源,ztny 
600857,宁波中百,nbzb 
600858,银座股份,yzgf 
600859,王府井,wfj 
600860,京城股份,jcgf 
600861,北京城乡,bjcx 
600862,南通科技,ntkj 
600863,内蒙华电,nmhd 
600864,哈投股份,htgf 
600865,百大集团,bdjt 
600866,星湖科技,xhkj 
600867,通化东宝,thdb 
600868,梅雁吉祥,myjx 
600869,智慧能源,zhny 
600870,*ST厦华,*STsh 
600871,石化油服,shyf 
600872,中炬高新,zjgx 
600873,梅花生物,mhsw 
600874,创业环保,cyhb 
600875,东方电气,dfdq 
600876,洛阳睞?睞?河南,lyl?l?hn 
600877,中国嘉陵,zgjl 
600879,航天电子,htdz 
600880,博瑞传播,brcb 
600881,亚泰集团,ytjt 
600882,华联矿业,hlky 
600883,博闻科技,bwkj 
600884,杉杉股份,ssgf 
600885,宏发股份,hfgf 
600886,国投电力,gtdl 
600887,伊利股份,ylgf 
600888,新疆众和,xjzh 
600889,南京化纤,njhx 
600890,中房股份,zfgf 
600891,秋林集团,qljt 
600892,宝诚股份,bcgf 
600893,中航动力,zhdl 
600894,广日股份,grgf 
600895,张江高科,zjgk 
600896,中海海盛,zhhs 
600897,厦门空港,smkg 
600898,三联商社,slss 
600900,长江电力,cjdl 
600917,重庆燃气,cqrq 
600958,东方证券,dfzq 
600959,江苏有线,jsyx 
600960,渤海活塞,bhhs 
600961,株冶集团,zyjt 
600962,*ST中鲁,*STzl 
600963,岳阳林纸,yylz 
600965,福成五丰,fcwf 
600966,博汇纸业,bhzy 
600967,北方创业,bfcy 
600969,郴电国际,cdgj 
600970,中材国际,zcgj 
600971,恒源煤电,hymd 
600973,宝胜股份,bsgf 
600975,新五丰,xwf 
600976,健民集团,jmjt 
600978,宜华木业,yhmy 
600979,广安爱众,gaaz 
600980,北矿磁材,bkcc 
600981,汇鸿集团,hhjt 
600982,宁波热电,nbrd 
600983,惠而浦,hep 
600984,*ST建机,*STjj 
600985,雷鸣科化,lmkh 
600986,科达股份,kdgf 
600987,航民股份,hmgf 
600988,赤峰黄金,cfhj 
600990,四创电子,scdz 
600992,贵绳股份,gsgf 
600993,马应龙,myl 
600995,文山电力,wsdl 
600997,开滦股份,klgf 
600998,九州通,jzt 
600999,招商证券,zszq 
601000,唐山港,tsg 
601001,大同煤业,dtmy 
601002,晋亿实业,jysy 
601003,柳钢股份,lggf 
601005,重庆钢铁,cqgt 
601006,大秦铁路,dqtl 
601007,金陵饭店,jlfd 
601008,连云港,lyg 
601009,南京银行,njyx 
601010,文峰股份,wfgf 
601011,宝泰隆,btl 
601012,隆基股份,ljgf 
601015,陕西黑猫,sxhm 
601016,节能风电,jnfd 
601018,宁波港,nbg 
601021,春秋航空,cqhk 
601028,玉龙股份,ylgf 
601038,一拖股份,ytgf 
601058,赛轮金宇,sljy 
601069,西部黄金,xbhj 
601088,中国神华,zgsh 
601098,中南传媒,zncm 
601099,太平洋,tpy 
601100,恒立液压,hlyy 
601101,昊华能源,hhny 
601106,中国一重,zgyz 
601107,四川成渝,sccy 
601111,中国国航,zggh 
601113,华鼎股份,hdgf 
601116,三江购物,sjgw 
601117,中国化学,zghx 
601118,海南橡胶,hnxj 
601126,四方股份,sfgf 
601137,博威合金,bwhj 
601139,深圳燃气,szrq 
601155,新城控股,xckg 
601158,重庆水务,cqsw 
601166,兴业银行,xyyx 
601168,西部矿业,xbky 
601169,北京银行,bjyx 
601177,杭齿前进,hcqj 
601179,中国西电,zgxd 
601186,中国铁建,zgtj 
601188,龙江交通,ljjt 
601198,东兴证券,dxzq 
601199,江南水务,jnsw 
601208,东材科技,dckj 
601211,国泰君安,gtja 
601216,君正集团,jzjt 
601218,吉鑫科技,jxkj 
601222,林洋能源,lyny 
601225,陕西煤业,sxmy 
601226,华电重工,hdzg 
601231,环旭电子,hxdz 
601233,桐昆股份,tkgf 
601238,广汽集团,gqjt 
601258,庞大集团,pdjt 
601288,农业银行,nyyx 
601311,骆驼股份,ltgf 
601313,江南嘉捷,jnjj 
601318,中国平安,zgpa 
601328,交通银行,jtyx 
601333,广深铁路,gstl 
601336,新华保险,xhbx 
601339,百隆东方,bldf 
601368,绿城水务,lcsw 
601369,陕鼓动力,sgdl 
601377,兴业证券,xyzq 
601388,怡球资源,yqzy 
601390,中国中铁,zgzt 
601398,工商银行,gsyx 
601515,东风股份,dfgf 
601518,吉林高速,jlgs 
601519,大智慧,dzh 
601555,东吴证券,dwzq 
601558,华锐风电,hrfd 
601566,九牧王,jmw 
601567,三星医疗,sxyl 
601579,会稽山,hjs 
601588,北辰实业,bcsy 
601599,鹿港科技,lgkj 
601600,中国铝业,zgly 
601601,中国太保,zgtb 
601607,上海医药,shyy 
601608,中信重工,zxzg 
601616,广电电气,gddq 
601618,中国中冶,zgzy 
601628,中国人寿,zgrs 
601633,长城汽车,zcqc 
601636,旗滨集团,qbjt 
601666,平煤股份,pmgf 
601668,中国建筑,zgjz 
601669,中国电建,zgdj 
601677,明泰铝业,mtly 
601678,滨化股份,bhgf 
601688,华泰证券,htzq 
601689,拓普集团,tpjt 
601699,潞安环能,lahn 
601700,风范股份,ffgf 
601717,郑煤机,zmj 
601718,际华集团,jhjt 
601727,上海电气,shdq 
601766,中国中车,zgzc 
601777,力帆股份,lfgf 
601788,光大证券,gdzq 
601789,宁波建工,nbjg 
601798,蓝科高新,lkgx 
601799,星宇股份,xygf 
601800,中国交建,zgjj 
601801,皖新传媒,wxcm 
601808,中海油服,zhyf 
601818,光大银行,gdyx 
601857,中国石油,zgsy 
601866,中海集运,zhjy 
601872,招商轮船,zslc 
601877,正泰电器,ztdq 
601880,大连港,dlg 
601886,江河创建,jhcj 
601888,中国国旅,zggl 
601890,亚星锚链,yxml 
601898,中煤能源,zmny 
601899,紫金矿业,zjky 
601901,方正证券,fzzq 
601908,京运通,jyt 
601918,国投新集,gtxj 
601919,中国远洋,zgyy 
601928,凤凰传媒,fhcm 
601929,吉视传媒,jscm 
601933,永辉超市,yhcs 
601939,建设银行,jsyx 
601958,金钼股份,jmgf 
601965,中国汽研,zgqy 
601968,宝钢包装,bgbz 
601969,海南矿业,hnky 
601985,中国核电,zghd 
601988,中国银行,zgyx 
601989,中国重工,zgzg 
601991,大唐发电,dtfd 
601992,金隅股份,jygf 
601996,丰林集团,fljt 
601998,中信银行,zxyx 
601999,出版传媒,cbcm 
603000,人民网,rmw 
603001,奥康国际,akgj 
603002,宏昌电子,hcdz 
603003,龙宇燃油,lyry 
603005,晶方科技,jfkj 
603006,联明股份,lmgf 
603008,喜临门,xlm 
603009,北特科技,btkj 
603010,万盛股份,wsgf 
603011,合锻股份,hdgf 
603012,创力集团,cljt 
603015,弘讯科技,hxkj 
603017,中衡设计,zhsj 
603018,设计股份,sjgf 
603019,中科曙光,zksg 
603020,爱普股份,apgf 
603021,山东华鹏,sdhp 
603022,新通联,xtl 
603023,威帝股份,wdgf 
603025,大豪科技,dhkj 
603026,石大胜华,sdsh 
603030,全筑股份,qzgf 
603066,音飞储存,yfcc 
603077,和邦生物,hbsw 
603085,天成自控,tczk 
603088,宁波精达,nbjd 
603099,长白山,cbs 
603100,川仪股份,cygf 
603108,润达医疗,rdyl 
603111,康尼机电,knjd 
603116,红蜻蜓,hqt 
603117,万林股份,wlgf 
603118,共进股份,gjgf 
603123,翠微股份,cwgf 
603126,中材节能,zcjn 
603128,华贸物流,hmwl 
603158,腾龙股份,tlgf 
603166,福达股份,fdgf 
603167,渤海轮渡,bhld 
603168,莎普爱思,spas 
603169,兰石重装,lszz 
603188,亚邦股份,ybgf 
603198,迎驾贡酒,yjgj 
603199,九华旅游,jhly 
603222,济民制药,jmzy 
603223,恒通股份,htgf 
603227,雪峰科技,xfkj 
603268,松发股份,sfgf 
603288,海天味业,htwy 
603299,井神股份,jsgf 
603300,华铁科技,htkj 
603306,华懋科技,hmkj 
603308,应流股份,ylgf 
603309,维力医疗,wlyl 
603311,金海环境,jhhj 
603315,福鞍股份,fagf 
603318,派思股份,psgf 
603328,依顿电子,yddz 
603333,明星电缆,mxdl 
603338,浙江鼎力,zjdl 
603355,莱克电气,lkdq 
603366,日出东方,rcdf 
603368,柳州医药,lzyy 
603369,今世缘,jsy 
603398,邦宝益智,bbyz 
603399,新华龙,xhl 
603456,九洲药业,jzyy 
603508,思维列控,swlk 
603518,维格娜丝,wgns 
603519,立霸股份,lbgf 
603555,贵人鸟,grn 
603558,健盛集团,jsjt 
603566,普莱柯,plk 
603567,珍宝岛,zbd 
603568,伟明环保,wmhb 
603588,高能环境,gnhj 
603589,口子窖,kzj 
603598,引力传媒,ylcm 
603599,广信股份,gxgf 
603600,永艺股份,yygf 
603601,再升科技,zskj 
603606,东方电缆,dfdl 
603609,禾丰牧业,hfmy 
603611,诺力股份,nlgf 
603616,韩建河山,hjhs 
603618,杭电股份,hdgf 
603636,南威软件,nwrj 
603669,灵康药业,lkyy 
603678,火炬电子,hjdz 
603686,龙马环卫,lmhw 
603688,石英股份,sygf 
603696,安记食品,ajsp 
603698,航天工程,htgc 
603699,纽威股份,nwgf 
603703,盛洋科技,sykj 
603718,海利生物,hlsw 
603729,龙韵股份,lygf 
603766,隆鑫通用,lxty 
603778,乾景园林,gjyl 
603788,宁波高发,nbgf 
603789,星光农机,xgnj 
603799,华友钴业,hygy 
603800,道森股份,dsgf 
603806,福斯特,fst 
603808,歌力思,gls 
603818,曲美家居,qmjj 
603828,柯利达,kld 
603838,四通股份,stgf 
603866,桃李面包,tlmb 
603869,北部湾旅,bbwl 
603883,老百姓,lbx 
603885,吉祥航空,jxhk 
603889,新澳股份,xagf 
603898,好莱客,hlk 
603899,晨光文具,cgwj 
603901,永创智能,yczn 
603918,金桥信息,jqxx 
603936,博敏电子,bmdz 
603939,益丰药房,yfyf 
603968,醋化股份,chgf 
603969,银龙股份,ylgf 
603979,金诚信,jcx 
603988,中电电机,zddj 
603989,艾华集团,ahjt 
603993,洛阳钼业,lymy 
603996,中新科技,zxkj 
603997,继峰股份,jfgf 
603998,方盛制药,fszy 
603999,读者传媒,dzcm 
600656,*ST博元,*STby 
